<?xml version="1.0" encoding="UTF-8"?>
<XMLDB PATH="blocks/calculator/db" VERSION="20251113" COMMENT="XMLDB file for Moodle repository/local">
  <TABLES>
    <TABLE NAME="block_calculator_log" COMMENT="Хранит историю вычислений">
      <FIELDS>
        <FIELD NAME="id" TYPE="int" LENGTH="10" NOTNULL="true" SEQUENCE="true"/>
        <FIELD NAME="userid" TYPE="int" LENGTH="10" NOTNULL="true" DEFAULT="0" SEQUENCE="false"/>
        <FIELD NAME="a" TYPE="float" NOTNULL="true" SEQUENCE="false"/>
        <FIELD NAME="b" TYPE="float" NOTNULL="true" SEQUENCE="false"/>
        <FIELD NAME="c" TYPE="float" NOTNULL="true" SEQUENCE="false"/>
        <FIELD NAME="result" TYPE="text" NOTNULL="true" SEQUENCE="false"/>
        <FIELD NAME="timecreated" TYPE="int" LENGTH="10" NOTNULL="true" UNSIGNED="true" SEQUENCE="false"/>
      </FIELDS>
      <KEYS>
        <KEY NAME="primary" TYPE="primary" FIELDS="id"/>
      </KEYS>
    </TABLE>
  </TABLES>
</XMLDB>